fid,Артикул,Название товара,Полное описание,Цена продажи,Старая цена,Остаток,Изображения,Подкатегория 1,Подкатегория 2,Подкатегория 3,Подкатегория 4,Параметр: Ширина,Параметр: Глубина,Параметр: Высота,Параметр: Глубина сиденья,Параметр: Высота сиденья,Параметр: Диаметр,Параметр: Бренд,Параметр: Страна происхождения,Параметр: Материал,Параметр: Цвет,Параметр: Стиль,Параметр: Назначение,Параметр: В наличии
180,119654,Обеденный стул Camerota walnut veneer sabino beige,"",71004.0,0.0,0,https://idcollection.ru/upload/webp/iblock/d4d/obedennyy_stul_camerota_walnut_veneer_sabino_beige_array.webp https://idcollection.ru/upload/webp/iblock/039/678c4a43d90211ef830be2479a4e0e55_be392c4df2ef11efac59f5689de193d4.webp https://idcollection.ru/upload/webp/iblock/56d/678c4a43d90211ef830be2479a4e0e55_be392c93f2ef11efac59f5689de193d4.webp https://idcollection.ru/upload/webp/iblock/fbf/678c4a43d90211ef830be2479a4e0e55_be392cd9f2ef11efac59f5689de193d4.webp https://idcollection.ru/upload/webp/iblock/e14/678c4a43d90211ef830be2479a4e0e55_be392d1ff2ef11efac59f5689de193d4.webp https://idcollection.ru/upload/webp/iblock/7a8/678c4a43d90211ef830be2479a4e0e55_be392d65f2ef11efac59f5689de193d4.webp https://idcollection.ru/upload/webp/iblock/7ad/678c4a43d90211ef830be2479a4e0e55_be392dabf2ef11efac59f5689de193d4.webp https://idcollection.ru/upload/webp/iblock/e3f/678c4a43d90211ef830be2479a4e0e55_be392df1f2ef11efac59f5689de193d4.webp https://idcollection.ru/upload/webp/iblock/cfb/678c4a43d90211ef830be2479a4e0e55_be392e37f2ef11efac59f5689de193d4.webp,Eichholtz,Мебель,Стулья,"","","","","","",""
181,119503,Обеденный стул Josephine renato brown,"",40574.0,0.0,0,https://idcollection.ru/upload/webp/iblock/2c7/obedennyy_stul_josephine_renato_brown_array.webp https://idcollection.ru/upload/webp/iblock/062/609a4ac5d90211ef830be2479a4e0e55_1b8b8e77f2c211efac59f5689de193d4.webp https://idcollection.ru/upload/webp/iblock/d29/609a4ac5d90211ef830be2479a4e0e55_1b8b8ebdf2c211efac59f5689de193d4.webp https://idcollection.ru/upload/webp/iblock/e3b/609a4ac5d90211ef830be2479a4e0e55_1b8b8f03f2c211efac59f5689de193d4.webp https://idcollection.ru/upload/webp/iblock/603/609a4ac5d90211ef830be2479a4e0e55_1b8b8f49f2c211efac59f5689de193d4.webp https://idcollection.ru/upload/webp/iblock/4b5/609a4ac5d90211ef830be2479a4e0e55_1b8b8f8ff2c211efac59f5689de193d4.webp https://idcollection.ru/upload/webp/iblock/6a5/609a4ac5d90211ef830be2479a4e0e55_1b8b8fd5f2c211efac59f5689de193d4.webp,Eichholtz,Мебель,Стулья,"","","","","","",""
182,119441,Обеденный стул Vichy tondro beige,"",71004.0,0.0,0,https://idcollection.ru/upload/webp/iblock/66e/obedennyy_stul_vichy_tondro_beige_array.webp https://idcollection.ru/upload/webp/iblock/3bb/5d587a4ad90211ef830be2479a4e0e55_27766b84f2dd11efac59f5689de193d4.webp https://idcollection.ru/upload/webp/iblock/950/5d587a4ad90211ef830be2479a4e0e55_27766bcaf2dd11efac59f5689de193d4.webp https://idcollection.ru/upload/webp/iblock/7cb/5d587a4ad90211ef830be2479a4e0e55_27766c10f2dd11efac59f5689de193d4.webp https://idcollection.ru/upload/webp/iblock/104/5d587a4ad90211ef830be2479a4e0e55_27766c56f2dd11efac59f5689de193d4.webp https://idcollection.ru/upload/webp/iblock/629/5d587a4ad90211ef830be2479a4e0e55_27766c9cf2dd11efac59f5689de193d4.webp https://idcollection.ru/upload/webp/iblock/b20/5d587a4ad90211ef830be2479a4e0e55_27766ce2f2dd11efac59f5689de193d4.webp,Eichholtz,Мебель,Стулья,"","","","","","",""
183,119447,Барный стул Cliff mayer silver set of 2,"",101434.0,0.0,0,https://idcollection.ru/upload/webp/iblock/c19/barnyy_stul_cliff_mayer_silver_set_of_2_array.webp https://idcollection.ru/upload/webp/iblock/f03/5ed0caefd90211ef830be2479a4e0e55_ca0a854bf2ee11efac59f5689de193d4.webp https://idcollection.ru/upload/webp/iblock/c69/5ed0caefd90211ef830be2479a4e0e55_ca0a8591f2ee11efac59f5689de193d4.webp https://idcollection.ru/upload/webp/iblock/899/5ed0caefd90211ef830be2479a4e0e55_ca0a85d7f2ee11efac59f5689de193d4.webp https://idcollection.ru/upload/webp/iblock/ad3/5ed0caefd90211ef830be2479a4e0e55_ca0a861df2ee11efac59f5689de193d4.webp https://idcollection.ru/upload/webp/iblock/da0/5ed0caefd90211ef830be2479a4e0e55_ca0a8663f2ee11efac59f5689de193d4.webp https://idcollection.ru/upload/webp/iblock/ab9/5ed0caefd90211ef830be2479a4e0e55_ca0a86a9f2ee11efac59f5689de193d4.webp https://idcollection.ru/upload/webp/iblock/def/5ed0caefd90211ef830be2479a4e0e55_ca0a86eff2ee11efac59f5689de193d4.webp https://idcollection.ru/upload/webp/iblock/540/5ed0caefd90211ef830be2479a4e0e55_ca0a8735f2ee11efac59f5689de193d4.webp,Eichholtz,Мебель,Стулья,Барные стулья,"","","","","",""
184,119446,Обеденный стул Cliff mayer silver set of 2,"",101434.0,0.0,0,https://idcollection.ru/upload/webp/iblock/656/obedennyy_stul_cliff_mayer_silver_set_of_2_array.webp https://idcollection.ru/upload/webp/iblock/466/5d588a44d90211ef830be2479a4e0e55_2de1a7e0f2de11efac59f5689de193d4.webp https://idcollection.ru/upload/webp/iblock/6fc/5d588a44d90211ef830be2479a4e0e55_2de1a826f2de11efac59f5689de193d4.webp https://idcollection.ru/upload/webp/iblock/fce/5d588a44d90211ef830be2479a4e0e55_2de1a87ef2de11efac59f5689de193d4.webp https://idcollection.ru/upload/webp/iblock/409/5d588a44d90211ef830be2479a4e0e55_2de1a8c4f2de11efac59f5689de193d4.webp https://idcollection.ru/upload/webp/iblock/71a/5d588a44d90211ef830be2479a4e0e55_2de1a90af2de11efac59f5689de193d4.webp https://idcollection.ru/upload/webp/iblock/ab9/5d588a44d90211ef830be2479a4e0e55_2de1a950f2de11efac59f5689de193d4.webp https://idcollection.ru/upload/webp/iblock/43c/5d588a44d90211ef830be2479a4e0e55_2de1a996f2de11efac59f5689de193d4.webp https://idcollection.ru/upload/webp/iblock/a33/5d588a44d90211ef830be2479a4e0e55_2de1a9dcf2de11efac59f5689de193d4.webp,Eichholtz,Мебель,Стулья,"","","","","","",""
185,119418,Обеденный стул Josephine renato ecru,"",40574.0,0.0,0,https://idcollection.ru/upload/webp/iblock/68d/obedennyy_stul_josephine_renato_ecru_array.webp https://idcollection.ru/upload/webp/iblock/09e/5bcf8270d90211ef830be2479a4e0e55_d25c19fef2c011efac59f5689de193d4.webp https://idcollection.ru/upload/webp/iblock/43b/5bcf8270d90211ef830be2479a4e0e55_d25c1a44f2c011efac59f5689de193d4.webp https://idcollection.ru/upload/webp/iblock/864/5bcf8270d90211ef830be2479a4e0e55_d25c1a8af2c011efac59f5689de193d4.webp https://idcollection.ru/upload/webp/iblock/883/5bcf8270d90211ef830be2479a4e0e55_d25c1ad0f2c011efac59f5689de193d4.webp https://idcollection.ru/upload/webp/iblock/b85/5bcf8270d90211ef830be2479a4e0e55_d25c1b16f2c011efac59f5689de193d4.webp https://idcollection.ru/upload/webp/iblock/c51/5bcf8270d90211ef830be2479a4e0e55_d25c1b5cf2c011efac59f5689de193d4.webp https://idcollection.ru/upload/webp/iblock/ef6/5bcf8270d90211ef830be2479a4e0e55_d85b803af2c011efac59f5689de193d4.webp,Eichholtz,Мебель,Стулья,"","","","","","",""
186,119420,Обеденный стул Leiza renato brown set of 2,"",60861.0,0.0,0,https://idcollection.ru/upload/webp/iblock/c49/800_800_1/obedennyy_stul_leiza_renato_brown_set_of_2_array.webp https://idcollection.ru/upload/webp/iblock/c49/obedennyy_stul_leiza_renato_brown_set_of_2_array.webp https://idcollection.ru/upload/webp/iblock/205/5c1fd949d90211ef830be2479a4e0e55_ffa3e5b6f2bb11efac59f5689de193d4.webp https://idcollection.ru/upload/webp/iblock/8fc/5c1fd949d90211ef830be2479a4e0e55_ffa3e5fcf2bb11efac59f5689de193d4.webp https://idcollection.ru/upload/webp/iblock/577/5c1fd949d90211ef830be2479a4e0e55_ffa3e642f2bb11efac59f5689de193d4.webp https://idcollection.ru/upload/webp/iblock/1cd/5c1fd949d90211ef830be2479a4e0e55_ffa3e688f2bb11efac59f5689de193d4.webp https://idcollection.ru/upload/webp/iblock/6cc/5c1fd949d90211ef830be2479a4e0e55_ffa3e6cef2bb11efac59f5689de193d4.webp https://idcollection.ru/upload/webp/iblock/1cb/5c1fd949d90211ef830be2479a4e0e55_ffa3e714f2bb11efac59f5689de193d4.webp https://idcollection.ru/upload/webp/iblock/3b2/5c1fd949d90211ef830be2479a4e0e55_ffa3e75af2bb11efac59f5689de193d4.webp https://idcollection.ru/upload/webp/iblock/86d/5c1fd949d90211ef830be2479a4e0e55_ffa3e7a0f2bb11efac59f5689de193d4.webp,Eichholtz,Мебель,Стулья,"","","","","","",""
187,119506,Обеденный стул Leiza renato off-white set of 2,"",60861.0,0.0,0,https://idcollection.ru/upload/webp/iblock/b30/obedennyy_stul_leiza_renato_off_white_set_of_2_array.webp https://idcollection.ru/upload/webp/iblock/738/621a3745d90211ef830be2479a4e0e55_2a36c70cf2bd11efac59f5689de193d4.webp https://idcollection.ru/upload/webp/iblock/4d0/621a3745d90211ef830be2479a4e0e55_2a36c752f2bd11efac59f5689de193d4.webp https://idcollection.ru/upload/webp/iblock/255/621a3745d90211ef830be2479a4e0e55_2a36c798f2bd11efac59f5689de193d4.webp https://idcollection.ru/upload/webp/iblock/330/621a3745d90211ef830be2479a4e0e55_2a36c7def2bd11efac59f5689de193d4.webp https://idcollection.ru/upload/webp/iblock/738/621a3745d90211ef830be2479a4e0e55_2a36c824f2bd11efac59f5689de193d4.webp https://idcollection.ru/upload/webp/iblock/312/621a3745d90211ef830be2479a4e0e55_2a36c86af2bd11efac59f5689de193d4.webp https://idcollection.ru/upload/webp/iblock/04f/621a3745d90211ef830be2479a4e0e55_2a36c8b0f2bd11efac59f5689de193d4.webp,Eichholtz,Мебель,Стулья,"","","","","","",""
188,119505,Обеденный стул Aiden renato brown,"",40574.0,0.0,0,https://idcollection.ru/upload/webp/iblock/534/obedennyy_stul_aiden_renato_brown_array.webp https://idcollection.ru/upload/webp/iblock/eea/621a2778d90211ef830be2479a4e0e55_e03c3301f2bf11efac59f5689de193d4.webp https://idcollection.ru/upload/webp/iblock/91c/621a2778d90211ef830be2479a4e0e55_e03c3347f2bf11efac59f5689de193d4.webp https://idcollection.ru/upload/webp/iblock/676/621a2778d90211ef830be2479a4e0e55_e03c338df2bf11efac59f5689de193d4.webp https://idcollection.ru/upload/webp/iblock/80b/621a2778d90211ef830be2479a4e0e55_e03c33d3f2bf11efac59f5689de193d4.webp https://idcollection.ru/upload/webp/iblock/7af/621a2778d90211ef830be2479a4e0e55_e03c3419f2bf11efac59f5689de193d4.webp https://idcollection.ru/upload/webp/iblock/4e1/621a2778d90211ef830be2479a4e0e55_e03c345ff2bf11efac59f5689de193d4.webp https://idcollection.ru/upload/webp/iblock/3cf/621a2778d90211ef830be2479a4e0e55_e03c34a5f2bf11efac59f5689de193d4.webp,Eichholtz,Мебель,Стулья,"","","","","","",""
189,119419,Обеденный стул Aiden renato off-white,"",40574.0,0.0,0,https://idcollection.ru/upload/webp/iblock/26d/obedennyy_stul_aiden_renato_off_white_array.webp https://idcollection.ru/upload/webp/iblock/499/5c1fc730d90211ef830be2479a4e0e55_fbadd92cf2bd11efac59f5689de193d4.webp https://idcollection.ru/upload/webp/iblock/6b5/5c1fc730d90211ef830be2479a4e0e55_fbadd972f2bd11efac59f5689de193d4.webp https://idcollection.ru/upload/webp/iblock/b3b/5c1fc730d90211ef830be2479a4e0e55_fbadd9b8f2bd11efac59f5689de193d4.webp https://idcollection.ru/upload/webp/iblock/1d8/5c1fc730d90211ef830be2479a4e0e55_fbadd9fef2bd11efac59f5689de193d4.webp https://idcollection.ru/upload/webp/iblock/f45/5c1fc730d90211ef830be2479a4e0e55_fbadda44f2bd11efac59f5689de193d4.webp https://idcollection.ru/upload/webp/iblock/749/5c1fc730d90211ef830be2479a4e0e55_fbadda8af2bd11efac59f5689de193d4.webp https://idcollection.ru/upload/webp/iblock/025/5c1fc730d90211ef830be2479a4e0e55_fbaddad0f2bd11efac59f5689de193d4.webp,Eichholtz,Мебель,Стулья,"","","","","","",""
190,119014,Обеденный стул Greer creststone beige,"",91291.0,0.0,0,https://idcollection.ru/upload/webp/iblock/3ed/obedennyy_stul_greer_creststone_beige_array.webp https://idcollection.ru/upload/webp/iblock/679/3eb754bad90211ef830be2479a4e0e55_641aa59bf2a511efac59f5689de193d4.webp https://idcollection.ru/upload/webp/iblock/a57/3eb754bad90211ef830be2479a4e0e55_641aa5e1f2a511efac59f5689de193d4.webp https://idcollection.ru/upload/webp/iblock/b53/3eb754bad90211ef830be2479a4e0e55_641aa627f2a511efac59f5689de193d4.webp https://idcollection.ru/upload/webp/iblock/4fa/3eb754bad90211ef830be2479a4e0e55_641aa66df2a511efac59f5689de193d4.webp https://idcollection.ru/upload/webp/iblock/e43/3eb754bad90211ef830be2479a4e0e55_641aa6b3f2a511efac59f5689de193d4.webp https://idcollection.ru/upload/webp/iblock/07e/3eb754bad90211ef830be2479a4e0e55_641aa6f9f2a511efac59f5689de193d4.webp https://idcollection.ru/upload/webp/iblock/752/3eb754bad90211ef830be2479a4e0e55_641aa73ff2a511efac59f5689de193d4.webp https://idcollection.ru/upload/webp/iblock/5bc/3eb754bad90211ef830be2479a4e0e55_641aa785f2a511efac59f5689de193d4.webp https://idcollection.ru/upload/webp/iblock/b2f/3eb754bad90211ef830be2479a4e0e55_641aa7cbf2a511efac59f5689de193d4.webp,Eichholtz,Мебель,Стулья,"","","","","","",""
191,119016,Пуф Greer creststone beige,"",60861.0,0.0,0,https://idcollection.ru/upload/webp/iblock/8b6/puf_greer_creststone_beige_array.webp https://idcollection.ru/upload/webp/iblock/679/3f99d625d90211ef830be2479a4e0e55_cab342dff2a611efac59f5689de193d4.webp https://idcollection.ru/upload/webp/iblock/501/3f99d625d90211ef830be2479a4e0e55_cab34325f2a611efac59f5689de193d4.webp https://idcollection.ru/upload/webp/iblock/526/3f99d625d90211ef830be2479a4e0e55_cab3436bf2a611efac59f5689de193d4.webp https://idcollection.ru/upload/webp/iblock/e8b/3f99d625d90211ef830be2479a4e0e55_cab343b1f2a611efac59f5689de193d4.webp https://idcollection.ru/upload/webp/iblock/752/3f99d625d90211ef830be2479a4e0e55_cab343f7f2a611efac59f5689de193d4.webp,Eichholtz,Мебель,Стулья,Табуреты,Ø48,50,"","","",""
192,119425,Кресло Flux tigris brown,"",183850.0,0.0,0,https://idcollection.ru/upload/webp/iblock/a89/kreslo_flux_tigris_brown_array.webp https://idcollection.ru/upload/webp/iblock/320/5d587546d90211ef830be2479a4e0e55_093bde7bf23211efac59f5689de193d4.webp https://idcollection.ru/upload/webp/iblock/dda/5d587546d90211ef830be2479a4e0e55_093bdec1f23211efac59f5689de193d4.webp https://idcollection.ru/upload/webp/iblock/fa6/5d587546d90211ef830be2479a4e0e55_093bdf07f23211efac59f5689de193d4.webp https://idcollection.ru/upload/webp/iblock/50f/5d587546d90211ef830be2479a4e0e55_093bdf4df23211efac59f5689de193d4.webp https://idcollection.ru/upload/webp/iblock/5a4/5d587546d90211ef830be2479a4e0e55_093bdf93f23211efac59f5689de193d4.webp https://idcollection.ru/upload/webp/iblock/bea/5d587546d90211ef830be2479a4e0e55_093bdfd9f23211efac59f5689de193d4.webp https://idcollection.ru/upload/webp/iblock/4e6/5d587546d90211ef830be2479a4e0e55_093be01ff23211efac59f5689de193d4.webp,Eichholtz,Мебель,Мягкая мебель,Кресла,"","","","","",""
193,119260,Обеденный стул Allston classic black finish sentier cream,"",81148.0,0.0,0,https://idcollection.ru/upload/webp/iblock/ae2/obedennyy_stul_allston_classic_black_finish_sentier_cream_array.webp https://idcollection.ru/upload/webp/iblock/f0e/525fbcfed90211ef830be2479a4e0e55_6d771757f2b911efac59f5689de193d4.webp https://idcollection.ru/upload/webp/iblock/529/525fbcfed90211ef830be2479a4e0e55_73800d38f2b911efac59f5689de193d4.webp https://idcollection.ru/upload/webp/iblock/e20/525fbcfed90211ef830be2479a4e0e55_73800d7ef2b911efac59f5689de193d4.webp https://idcollection.ru/upload/webp/iblock/99e/525fbcfed90211ef830be2479a4e0e55_73800dc4f2b911efac59f5689de193d4.webp https://idcollection.ru/upload/webp/iblock/467/525fbcfed90211ef830be2479a4e0e55_73800e0af2b911efac59f5689de193d4.webp https://idcollection.ru/upload/webp/iblock/cb5/525fbcfed90211ef830be2479a4e0e55_73800e50f2b911efac59f5689de193d4.webp,Eichholtz,Мебель,Стулья,"","","","","","",""
194,119042,Диван Flux tigris brown,"",357556.0,0.0,0,https://idcollection.ru/upload/webp/iblock/547/divan_flux_tigris_brown_array.webp https://idcollection.ru/upload/webp/iblock/8c2/3f99ec4bd90211ef830be2479a4e0e55_016fcd01f23111efac59f5689de193d4.webp https://idcollection.ru/upload/webp/iblock/87f/3f99ec4bd90211ef830be2479a4e0e55_016fcd47f23111efac59f5689de193d4.webp https://idcollection.ru/upload/webp/iblock/943/3f99ec4bd90211ef830be2479a4e0e55_016fcd8df23111efac59f5689de193d4.webp https://idcollection.ru/upload/webp/iblock/a1d/3f99ec4bd90211ef830be2479a4e0e55_016fcdd3f23111efac59f5689de193d4.webp https://idcollection.ru/upload/webp/iblock/514/3f99ec4bd90211ef830be2479a4e0e55_016fce19f23111efac59f5689de193d4.webp https://idcollection.ru/upload/webp/iblock/94a/3f99ec4bd90211ef830be2479a4e0e55_016fce5ff23111efac59f5689de193d4.webp https://idcollection.ru/upload/webp/iblock/258/3f99ec4bd90211ef830be2479a4e0e55_016fcea5f23111efac59f5689de193d4.webp https://idcollection.ru/upload/webp/iblock/aa1/3f99ec4bd90211ef830be2479a4e0e55_016fceebf23111efac59f5689de193d4.webp,Eichholtz,Мебель,Мягкая мебель,Диваны,"","","","","",""
195,119037,Диван Alison creststone beige,"",594940.0,0.0,0,https://idcollection.ru/upload/webp/iblock/c1e/divan_alison_creststone_beige_array.webp https://idcollection.ru/upload/webp/iblock/f90/3f99e5fed90211ef830be2479a4e0e55_ed660c72f23211efac59f5689de193d4.webp https://idcollection.ru/upload/webp/iblock/06e/3f99e5fed90211ef830be2479a4e0e55_ed660cb8f23211efac59f5689de193d4.webp https://idcollection.ru/upload/webp/iblock/233/3f99e5fed90211ef830be2479a4e0e55_ed660cfef23211efac59f5689de193d4.webp https://idcollection.ru/upload/webp/iblock/0a3/3f99e5fed90211ef830be2479a4e0e55_ed660d44f23211efac59f5689de193d4.webp https://idcollection.ru/upload/webp/iblock/5f5/3f99e5fed90211ef830be2479a4e0e55_ed660d8af23211efac59f5689de193d4.webp https://idcollection.ru/upload/webp/iblock/752/3f99e5fed90211ef830be2479a4e0e55_ed660dd0f23211efac59f5689de193d4.webp https://idcollection.ru/upload/webp/iblock/2b8/3f99e5fed90211ef830be2479a4e0e55_ed660e16f23211efac59f5689de193d4.webp https://idcollection.ru/upload/webp/iblock/e05/3f99e5fed90211ef830be2479a4e0e55_ed660e5cf23211efac59f5689de193d4.webp,Eichholtz,Мебель,Мягкая мебель,Диваны,"","","","","",""
196,119124,Диван Siderno splendor light grey,"",459625.0,0.0,0,https://idcollection.ru/upload/webp/iblock/46d/divan_siderno_splendor_light_grey_array.webp https://idcollection.ru/upload/webp/iblock/040/4642a0ced90211ef830be2479a4e0e55_6629aba6f22e11efac59f5689de193d4.webp https://idcollection.ru/upload/webp/iblock/e18/4642a0ced90211ef830be2479a4e0e55_6629abecf22e11efac59f5689de193d4.webp https://idcollection.ru/upload/webp/iblock/8e1/4642a0ced90211ef830be2479a4e0e55_6629ac32f22e11efac59f5689de193d4.webp https://idcollection.ru/upload/webp/iblock/cb2/4642a0ced90211ef830be2479a4e0e55_6629ac78f22e11efac59f5689de193d4.webp https://idcollection.ru/upload/webp/iblock/27c/4642a0ced90211ef830be2479a4e0e55_6629acbef22e11efac59f5689de193d4.webp https://idcollection.ru/upload/webp/iblock/aa8/4642a0ced90211ef830be2479a4e0e55_6629ad04f22e11efac59f5689de193d4.webp,Eichholtz,Мебель,Мягкая мебель,Диваны,"","","","","",""
197,119125,Кресло Siderno splendor light grey,"",224424.0,0.0,0,https://idcollection.ru/upload/webp/iblock/29d/kreslo_siderno_splendor_light_grey_array.webp https://idcollection.ru/upload/webp/iblock/c48/468e4452d90211ef830be2479a4e0e55_6ad23a52f22f11efac59f5689de193d4.webp https://idcollection.ru/upload/webp/iblock/694/468e4452d90211ef830be2479a4e0e55_6ad23a98f22f11efac59f5689de193d4.webp https://idcollection.ru/upload/webp/iblock/0f9/468e4452d90211ef830be2479a4e0e55_6ad23adef22f11efac59f5689de193d4.webp https://idcollection.ru/upload/webp/iblock/768/468e4452d90211ef830be2479a4e0e55_6ad23b24f22f11efac59f5689de193d4.webp https://idcollection.ru/upload/webp/iblock/ccd/468e4452d90211ef830be2479a4e0e55_70cf4a99f22f11efac59f5689de193d4.webp https://idcollection.ru/upload/webp/iblock/458/468e4452d90211ef830be2479a4e0e55_7ca0c79af22f11efac59f5689de193d4.webp,Eichholtz,Мебель,Мягкая мебель,Кресла,"","","","","",""
198,119005,Бра James vintage brass finish,"",50717.0,0.0,0,https://idcollection.ru/upload/webp/iblock/e97/bra_james_vintage_brass_finish_array.webp https://idcollection.ru/upload/webp/iblock/bbb/3e310322d90211ef830be2479a4e0e55_2651c6d7f20311efac59f5689de193d4.webp https://idcollection.ru/upload/webp/iblock/e1d/3e310322d90211ef830be2479a4e0e55_2651c71df20311efac59f5689de193d4.webp https://idcollection.ru/upload/webp/iblock/f76/3e310322d90211ef830be2479a4e0e55_2651c763f20311efac59f5689de193d4.webp https://idcollection.ru/upload/webp/iblock/c96/3e310322d90211ef830be2479a4e0e55_2651c7a9f20311efac59f5689de193d4.webp https://idcollection.ru/upload/webp/iblock/a47/3e310322d90211ef830be2479a4e0e55_2651c7eff20311efac59f5689de193d4.webp,Eichholtz,Свет,Настенные светильники,"","","","","","",""
199,119223,Бра Luciene antique brass finish,"",50717.0,0.0,0,https://idcollection.ru/upload/webp/iblock/028/bra_luciene_antique_brass_finish_array.webp https://idcollection.ru/upload/webp/iblock/582/5216bd0ad90211ef830be2479a4e0e55_c1209ae5f20511efac59f5689de193d4.webp https://idcollection.ru/upload/webp/iblock/b9e/5216bd0ad90211ef830be2479a4e0e55_c1209b2bf20511efac59f5689de193d4.webp https://idcollection.ru/upload/webp/iblock/32c/5216bd0ad90211ef830be2479a4e0e55_c1209b71f20511efac59f5689de193d4.webp https://idcollection.ru/upload/webp/iblock/782/5216bd0ad90211ef830be2479a4e0e55_c1209bb7f20511efac59f5689de193d4.webp,Eichholtz,Свет,Настенные светильники,"","","","","","",""
200,119451,Настольная лампа Arabella piano black finish incl shade,"",91291.0,0.0,0,https://idcollection.ru/upload/webp/iblock/303/nastolnaya_lampa_arabella_piano_black_finish_incl_shade_array.webp https://idcollection.ru/upload/webp/iblock/aea/5f59be91d90211ef830be2479a4e0e55_0823b790f09111efac59f5689de193d4.webp https://idcollection.ru/upload/webp/iblock/6f3/5f59be91d90211ef830be2479a4e0e55_0823b7d6f09111efac59f5689de193d4.webp https://idcollection.ru/upload/webp/iblock/1f8/5f59be91d90211ef830be2479a4e0e55_0823b81cf09111efac59f5689de193d4.webp https://idcollection.ru/upload/webp/iblock/cbe/5f59be91d90211ef830be2479a4e0e55_0823b862f09111efac59f5689de193d4.webp https://idcollection.ru/upload/webp/iblock/230/5f59be91d90211ef830be2479a4e0e55_0823b8a8f09111efac59f5689de193d4.webp https://idcollection.ru/upload/webp/iblock/694/5f59be91d90211ef830be2479a4e0e55_0823b8eef09111efac59f5689de193d4.webp https://idcollection.ru/upload/webp/iblock/d8a/5f59be91d90211ef830be2479a4e0e55_0823b934f09111efac59f5689de193d4.webp,Eichholtz,Свет,Лампы настольные,"","","","","","",""
201,119565,Настольная лампа James vintage brass finish incl shade,"",81148.0,0.0,0,https://idcollection.ru/upload/webp/iblock/410/nastolnaya_lampa_james_vintage_brass_finish_incl_shade_array.webp https://idcollection.ru/upload/webp/iblock/3bb/660755f4d90211ef830be2479a4e0e55_f8b3f6d5f08411efac59f5689de193d4.webp https://idcollection.ru/upload/webp/iblock/c65/660755f4d90211ef830be2479a4e0e55_f8b3f71bf08411efac59f5689de193d4.webp https://idcollection.ru/upload/webp/iblock/ea8/660755f4d90211ef830be2479a4e0e55_f8b3f761f08411efac59f5689de193d4.webp https://idcollection.ru/upload/webp/iblock/f48/660755f4d90211ef830be2479a4e0e55_f8b3f7a7f08411efac59f5689de193d4.webp https://idcollection.ru/upload/webp/iblock/9fd/660755f4d90211ef830be2479a4e0e55_f8b3f7edf08411efac59f5689de193d4.webp https://idcollection.ru/upload/webp/iblock/48e/660755f4d90211ef830be2479a4e0e55_f8b3f833f08411efac59f5689de193d4.webp https://idcollection.ru/upload/webp/iblock/9bc/660755f4d90211ef830be2479a4e0e55_f8b3f879f08411efac59f5689de193d4.webp,Eichholtz,Свет,Лампы настольные,"","","","","","",""
202,119102,Настольная лампа Lorena brown,"",81148.0,0.0,0,https://idcollection.ru/upload/webp/iblock/36c/nastolnaya_lampa_lorena_brown_array.webp https://idcollection.ru/upload/webp/iblock/94a/44295fdfd90211ef830be2479a4e0e55_34d4d0f0f08b11efac59f5689de193d4.webp https://idcollection.ru/upload/webp/iblock/42b/44295fdfd90211ef830be2479a4e0e55_34d4d136f08b11efac59f5689de193d4.webp https://idcollection.ru/upload/webp/iblock/bc2/44295fdfd90211ef830be2479a4e0e55_34d4d17cf08b11efac59f5689de193d4.webp https://idcollection.ru/upload/webp/iblock/804/44295fdfd90211ef830be2479a4e0e55_34d4d1c2f08b11efac59f5689de193d4.webp,Eichholtz,Свет,Лампы настольные,"","","","","","",""
203,119088,Настольная лампа Beatriz white,"",81148.0,0.0,0,https://idcollection.ru/upload/webp/iblock/eba/nastolnaya_lampa_beatriz_white_array.webp https://idcollection.ru/upload/webp/iblock/78c/442950d0d90211ef830be2479a4e0e55_4331a857f08711efac59f5689de193d4.webp https://idcollection.ru/upload/webp/iblock/d03/442950d0d90211ef830be2479a4e0e55_4331a89df08711efac59f5689de193d4.webp https://idcollection.ru/upload/webp/iblock/35c/442950d0d90211ef830be2479a4e0e55_4331a8e3f08711efac59f5689de193d4.webp,Eichholtz,Свет,Лампы настольные,"","","","","","",""
204,119101,Настольная лампа Lorena white finish incl shade,"",81148.0,0.0,0,https://idcollection.ru/upload/webp/iblock/d02/nastolnaya_lampa_lorena_white_finish_incl_shade_array.webp https://idcollection.ru/upload/webp/iblock/81c/44295b49d90211ef830be2479a4e0e55_c9413466f08f11efac59f5689de193d4.webp https://idcollection.ru/upload/webp/iblock/856/44295b49d90211ef830be2479a4e0e55_c94134acf08f11efac59f5689de193d4.webp https://idcollection.ru/upload/webp/iblock/f75/44295b49d90211ef830be2479a4e0e55_c94134f2f08f11efac59f5689de193d4.webp https://idcollection.ru/upload/webp/iblock/e73/44295b49d90211ef830be2479a4e0e55_c9413538f08f11efac59f5689de193d4.webp,Eichholtz,Свет,Лампы настольные,"","","","","","",""
205,119664,Настольная лампа Enzo vintage brass finish incl shade,"",101434.0,0.0,0,https://idcollection.ru/upload/webp/iblock/d09/nastolnaya_lampa_enzo_vintage_brass_finish_incl_shade_array.webp https://idcollection.ru/upload/webp/iblock/159/6867b75ed90211ef830be2479a4e0e55_806f863bf08111efac59f5689de193d4.webp https://idcollection.ru/upload/webp/iblock/067/6867b75ed90211ef830be2479a4e0e55_806f8681f08111efac59f5689de193d4.webp https://idcollection.ru/upload/webp/iblock/234/6867b75ed90211ef830be2479a4e0e55_806f86c7f08111efac59f5689de193d4.webp https://idcollection.ru/upload/webp/iblock/f79/6867b75ed90211ef830be2479a4e0e55_806f870df08111efac59f5689de193d4.webp https://idcollection.ru/upload/webp/iblock/944/6867b75ed90211ef830be2479a4e0e55_806f8777f08111efac59f5689de193d4.webp,Eichholtz,Свет,Лампы настольные,"","","","","","",""
206,119671,Настольная лампа Banyan vintage brass finish incl shade,"",122355.0,0.0,0,https://idcollection.ru/upload/webp/iblock/20f/nastolnaya_lampa_banyan_vintage_brass_finish_incl_shade_array.webp https://idcollection.ru/upload/webp/iblock/d88/69201198d90211ef830be2479a4e0e55_6516ef7ef07611efac59f5689de193d4.webp https://idcollection.ru/upload/webp/iblock/48c/69201198d90211ef830be2479a4e0e55_6516efc4f07611efac59f5689de193d4.webp https://idcollection.ru/upload/webp/iblock/57e/69201198d90211ef830be2479a4e0e55_6516f00af07611efac59f5689de193d4.webp https://idcollection.ru/upload/webp/iblock/abd/69201198d90211ef830be2479a4e0e55_6516f050f07611efac59f5689de193d4.webp https://idcollection.ru/upload/webp/iblock/f77/69201198d90211ef830be2479a4e0e55_6516f096f07611efac59f5689de193d4.webp https://idcollection.ru/upload/webp/iblock/d23/69201198d90211ef830be2479a4e0e55_6516f0dcf07611efac59f5689de193d4.webp,Eichholtz,Свет,Лампы настольные,"","","","","","",""
207,119100,Настольная лампа Beatriz brown,"",81148.0,0.0,0,https://idcollection.ru/upload/webp/iblock/e38/nastolnaya_lampa_beatriz_brown_array.webp https://idcollection.ru/upload/webp/iblock/115/4429556fd90211ef830be2479a4e0e55_405eb1e8f08611efac59f5689de193d4.webp https://idcollection.ru/upload/webp/iblock/449/4429556fd90211ef830be2479a4e0e55_405eb22ef08611efac59f5689de193d4.webp https://idcollection.ru/upload/webp/iblock/d2c/4429556fd90211ef830be2479a4e0e55_405eb274f08611efac59f5689de193d4.webp https://idcollection.ru/upload/webp/iblock/e15/4429556fd90211ef830be2479a4e0e55_405eb2baf08611efac59f5689de193d4.webp https://idcollection.ru/upload/webp/iblock/3c4/4429556fd90211ef830be2479a4e0e55_405eb300f08611efac59f5689de193d4.webp https://idcollection.ru/upload/webp/iblock/ac5/4429556fd90211ef830be2479a4e0e55_405eb346f08611efac59f5689de193d4.webp,Eichholtz,Свет,Лампы настольные,"","","","","","",""
208,119275,Настольная лампа Madrona bronze,"",81148.0,0.0,0,https://idcollection.ru/upload/webp/iblock/ee4/nastolnaya_lampa_madrona_bronze_array.webp https://idcollection.ru/upload/webp/iblock/499/55007e1cd90211ef830be2479a4e0e55_c9c4633af07c11efac59f5689de193d4.webp https://idcollection.ru/upload/webp/iblock/10e/55007e1cd90211ef830be2479a4e0e55_c9c46380f07c11efac59f5689de193d4.webp https://idcollection.ru/upload/webp/iblock/bbd/55007e1cd90211ef830be2479a4e0e55_c9c463c6f07c11efac59f5689de193d4.webp https://idcollection.ru/upload/webp/iblock/6eb/55007e1cd90211ef830be2479a4e0e55_c9c4640cf07c11efac59f5689de193d4.webp https://idcollection.ru/upload/webp/iblock/836/55007e1cd90211ef830be2479a4e0e55_c9c46452f07c11efac59f5689de193d4.webp https://idcollection.ru/upload/webp/iblock/249/55007e1cd90211ef830be2479a4e0e55_c9c46498f07c11efac59f5689de193d4.webp,Eichholtz,Свет,Лампы настольные,"","","","","","",""
209,119587,Настольная лампа Banyan white,"",122355.0,0.0,0,https://idcollection.ru/upload/webp/iblock/4ce/nastolnaya_lampa_banyan_white_array.webp https://idcollection.ru/upload/webp/iblock/bee/6732791ad90211ef830be2479a4e0e55_cf3f973ff07911efac59f5689de193d4.webp https://idcollection.ru/upload/webp/iblock/ed5/6732791ad90211ef830be2479a4e0e55_cf3f9785f07911efac59f5689de193d4.webp https://idcollection.ru/upload/webp/iblock/bc7/6732791ad90211ef830be2479a4e0e55_cf3f97cbf07911efac59f5689de193d4.webp,Eichholtz,Свет,Лампы настольные,"","","","","","",""
210,119341,Люстра Silvano smoke glass,"",254854.0,0.0,0,https://idcollection.ru/upload/webp/iblock/f41/lyustra_silvano_smoke_glass_array.webp https://idcollection.ru/upload/webp/iblock/608/56286a03d90211ef830be2479a4e0e55_90b4a174f06911efac59f5689de193d4.webp https://idcollection.ru/upload/webp/iblock/095/56286a03d90211ef830be2479a4e0e55_90b4a1baf06911efac59f5689de193d4.webp https://idcollection.ru/upload/webp/iblock/1ab/56286a03d90211ef830be2479a4e0e55_90b4a200f06911efac59f5689de193d4.webp https://idcollection.ru/upload/webp/iblock/ebd/56286a03d90211ef830be2479a4e0e55_90b4a246f06911efac59f5689de193d4.webp https://idcollection.ru/upload/webp/iblock/05a/56286a03d90211ef830be2479a4e0e55_90b4a28cf06911efac59f5689de193d4.webp https://idcollection.ru/upload/webp/iblock/83a/56286a03d90211ef830be2479a4e0e55_90b4a2d2f06911efac59f5689de193d4.webp,Eichholtz,Свет,Люстры,Люстры потолочные,Ø88,30,"","","",""
211,119044,Подвесной светильник Kon Tiki rattan,"",50717.0,0.0,0,https://idcollection.ru/upload/webp/iblock/896/podvesnoy_svetilnik_kon_tiki_rattan_array.webp https://idcollection.ru/upload/webp/iblock/aac/3f99efacd90211ef830be2479a4e0e55_fa20bb83f06b11efac59f5689de193d4.webp https://idcollection.ru/upload/webp/iblock/13c/3f99efacd90211ef830be2479a4e0e55_fa20bbc9f06b11efac59f5689de193d4.webp https://idcollection.ru/upload/webp/iblock/0dc/3f99efacd90211ef830be2479a4e0e55_fa20bc0ff06b11efac59f5689de193d4.webp https://idcollection.ru/upload/webp/iblock/b5c/3f99efacd90211ef830be2479a4e0e55_fa20bc55f06b11efac59f5689de193d4.webp https://idcollection.ru/upload/webp/iblock/37c/3f99efacd90211ef830be2479a4e0e55_fa20bc9bf06b11efac59f5689de193d4.webp https://idcollection.ru/upload/webp/iblock/3a5/3f99efacd90211ef830be2479a4e0e55_fa20bce1f06b11efac59f5689de193d4.webp https://idcollection.ru/upload/webp/iblock/b93/3f99efacd90211ef830be2479a4e0e55_fa20bd27f06b11efac59f5689de193d4.webp,Eichholtz,Свет,Люстры,Люстры потолочные,Ø20,24,"","","",""
212,119656,Настольная лампа Fabiano alabaster incl shade,"",152786.0,0.0,0,https://idcollection.ru/upload/webp/iblock/84f/nastolnaya_lampa_fabiano_alabaster_incl_shade_array.webp https://idcollection.ru/upload/webp/iblock/ad6/68106be9d90211ef830be2479a4e0e55_46fdee35f07311efac59f5689de193d4.webp https://idcollection.ru/upload/webp/iblock/d2f/68106be9d90211ef830be2479a4e0e55_46fdee7bf07311efac59f5689de193d4.webp https://idcollection.ru/upload/webp/iblock/d10/68106be9d90211ef830be2479a4e0e55_46fdeec1f07311efac59f5689de193d4.webp https://idcollection.ru/upload/webp/iblock/1d3/68106be9d90211ef830be2479a4e0e55_46fdef07f07311efac59f5689de193d4.webp https://idcollection.ru/upload/webp/iblock/987/68106be9d90211ef830be2479a4e0e55_46fdef4df07311efac59f5689de193d4.webp https://idcollection.ru/upload/webp/iblock/196/68106be9d90211ef830be2479a4e0e55_46fdef93f07311efac59f5689de193d4.webp https://idcollection.ru/upload/webp/iblock/155/68106be9d90211ef830be2479a4e0e55_46fdefd9f07311efac59f5689de193d4.webp https://idcollection.ru/upload/webp/iblock/2af/68106be9d90211ef830be2479a4e0e55_46fdf01ff07311efac59f5689de193d4.webp,Eichholtz,Свет,Лампы настольные,"","","","","","",""
213,119659,Люстра Solange pink glass,"",510976.0,0.0,0,https://idcollection.ru/upload/webp/iblock/2d4/lyustra_solange_pink_glass_array.webp https://idcollection.ru/upload/webp/iblock/346/68108699d90211ef830be2479a4e0e55_1bf9fc3ff06111efac59f5689de193d4.webp https://idcollection.ru/upload/webp/iblock/188/68108699d90211ef830be2479a4e0e55_1bf9fc85f06111efac59f5689de193d4.webp https://idcollection.ru/upload/webp/iblock/23f/68108699d90211ef830be2479a4e0e55_1bf9fccbf06111efac59f5689de193d4.webp https://idcollection.ru/upload/webp/iblock/69a/68108699d90211ef830be2479a4e0e55_1bf9fd11f06111efac59f5689de193d4.webp https://idcollection.ru/upload/webp/iblock/d5e/68108699d90211ef830be2479a4e0e55_1bf9fd57f06111efac59f5689de193d4.webp,Eichholtz,Свет,Люстры,Люстры потолочные,"","","","","",""
214,119461,Подвесной светильник Moreno black finish,"",101434.0,0.0,0,https://idcollection.ru/upload/webp/iblock/bc2/podvesnoy_svetilnik_moreno_black_finish_array.webp https://idcollection.ru/upload/webp/iblock/1b1/5ff9b23ad90211ef830be2479a4e0e55_7e386416f06511efac59f5689de193d4.webp https://idcollection.ru/upload/webp/iblock/b79/5ff9b23ad90211ef830be2479a4e0e55_7e38645cf06511efac59f5689de193d4.webp https://idcollection.ru/upload/webp/iblock/eac/5ff9b23ad90211ef830be2479a4e0e55_7e3864a2f06511efac59f5689de193d4.webp https://idcollection.ru/upload/webp/iblock/aa5/5ff9b23ad90211ef830be2479a4e0e55_7e3864e8f06511efac59f5689de193d4.webp,Eichholtz,Свет,"","","","","","","",""
215,119063,Люстра Gustave,"",204137.0,0.0,0,https://idcollection.ru/upload/webp/iblock/e53/lyustra_gustave_array.webp https://idcollection.ru/upload/webp/iblock/cf1/42c031ced90211ef830be2479a4e0e55_e8cce47ef03511efac59f5689de193d4.webp https://idcollection.ru/upload/webp/iblock/4d5/42c031ced90211ef830be2479a4e0e55_e8cce4c4f03511efac59f5689de193d4.webp https://idcollection.ru/upload/webp/iblock/b59/42c031ced90211ef830be2479a4e0e55_e8cce50af03511efac59f5689de193d4.webp https://idcollection.ru/upload/webp/iblock/72e/42c031ced90211ef830be2479a4e0e55_e8cce550f03511efac59f5689de193d4.webp https://idcollection.ru/upload/webp/iblock/740/42c031ced90211ef830be2479a4e0e55_e8cce596f03511efac59f5689de193d4.webp https://idcollection.ru/upload/webp/iblock/8e4/42c031ced90211ef830be2479a4e0e55_e8cce5dcf03511efac59f5689de193d4.webp,Eichholtz,Свет,Люстры,Люстры потолочные,Ø75,41.5,"","","",""
216,119177,Люстра Laurent,"",306205.0,0.0,0,https://idcollection.ru/upload/webp/iblock/be1/lyustra_laurent_array.webp https://idcollection.ru/upload/webp/iblock/298/4a37e025d90211ef830be2479a4e0e55_c006231af03311efac59f5689de193d4.webp https://idcollection.ru/upload/webp/iblock/436/4a37e025d90211ef830be2479a4e0e55_c0062360f03311efac59f5689de193d4.webp https://idcollection.ru/upload/webp/iblock/9af/4a37e025d90211ef830be2479a4e0e55_c00623b8f03311efac59f5689de193d4.webp https://idcollection.ru/upload/webp/iblock/ef2/4a37e025d90211ef830be2479a4e0e55_c00623fef03311efac59f5689de193d4.webp https://idcollection.ru/upload/webp/iblock/30a/4a37e025d90211ef830be2479a4e0e55_c0062444f03311efac59f5689de193d4.webp https://idcollection.ru/upload/webp/iblock/6f3/4a37e025d90211ef830be2479a4e0e55_c006248af03311efac59f5689de193d4.webp https://idcollection.ru/upload/webp/iblock/bf2/4a37e025d90211ef830be2479a4e0e55_c00624d0f03311efac59f5689de193d4.webp,Eichholtz,Свет,Люстры,Люстры потолочные,"","","","","",""
217,119342,Люстра Gustave smoke glass,"",204137.0,0.0,0,https://idcollection.ru/upload/webp/iblock/f40/lyustra_gustave_smoke_glass_array.webp https://idcollection.ru/upload/webp/iblock/f47/56286a16d90211ef830be2479a4e0e55_8c56cb8cf03911efac59f5689de193d4.webp https://idcollection.ru/upload/webp/iblock/8cf/56286a16d90211ef830be2479a4e0e55_8c56cbd2f03911efac59f5689de193d4.webp https://idcollection.ru/upload/webp/iblock/287/56286a16d90211ef830be2479a4e0e55_8c56cc18f03911efac59f5689de193d4.webp https://idcollection.ru/upload/webp/iblock/fe9/56286a16d90211ef830be2479a4e0e55_8c56cc5ef03911efac59f5689de193d4.webp,Eichholtz,Свет,Люстры,Люстры потолочные,"","","","","",""
218,119154,Люстра Giardano,"",306205.0,0.0,0,https://idcollection.ru/upload/webp/iblock/fce/lyustra_giardano_array.webp https://idcollection.ru/upload/webp/iblock/d98/4a37dde8d90211ef830be2479a4e0e55_6d38d9cdf03411efac59f5689de193d4.webp https://idcollection.ru/upload/webp/iblock/de3/4a37dde8d90211ef830be2479a4e0e55_6d38da13f03411efac59f5689de193d4.webp https://idcollection.ru/upload/webp/iblock/f25/4a37dde8d90211ef830be2479a4e0e55_6d38da59f03411efac59f5689de193d4.webp https://idcollection.ru/upload/webp/iblock/ec5/4a37dde8d90211ef830be2479a4e0e55_6d38da9ff03411efac59f5689de193d4.webp https://idcollection.ru/upload/webp/iblock/9a1/4a37dde8d90211ef830be2479a4e0e55_6d38dae5f03411efac59f5689de193d4.webp https://idcollection.ru/upload/webp/iblock/12a/4a37dde8d90211ef830be2479a4e0e55_6d38db2bf03411efac59f5689de193d4.webp https://idcollection.ru/upload/webp/iblock/308/4a37dde8d90211ef830be2479a4e0e55_6d38db71f03411efac59f5689de193d4.webp,Eichholtz,Свет,Люстры,Люстры потолочные,"","","","","",""
219,119356,Люстра Cassiano,"",254854.0,0.0,0,https://idcollection.ru/upload/webp/iblock/cb1/lyustra_cassiano_array.webp https://idcollection.ru/upload/webp/iblock/20f/56286a29d90211ef830be2479a4e0e55_15ab78f2f03511efac59f5689de193d4.webp https://idcollection.ru/upload/webp/iblock/79a/56286a29d90211ef830be2479a4e0e55_15ab7938f03511efac59f5689de193d4.webp https://idcollection.ru/upload/webp/iblock/d7e/56286a29d90211ef830be2479a4e0e55_15ab797ef03511efac59f5689de193d4.webp https://idcollection.ru/upload/webp/iblock/96c/56286a29d90211ef830be2479a4e0e55_15ab79c4f03511efac59f5689de193d4.webp https://idcollection.ru/upload/webp/iblock/7f6/56286a29d90211ef830be2479a4e0e55_15ab7a0af03511efac59f5689de193d4.webp https://idcollection.ru/upload/webp/iblock/cab/56286a29d90211ef830be2479a4e0e55_15ab7a50f03511efac59f5689de193d4.webp https://idcollection.ru/upload/webp/iblock/5b4/56286a29d90211ef830be2479a4e0e55_15ab7a96f03511efac59f5689de193d4.webp,Eichholtz,Свет,Люстры,Люстры потолочные,Ø62,49,"","","",""
220,119179,Люстра Rhombus S,"",285918.0,0.0,0,https://idcollection.ru/upload/webp/iblock/c3b/lyustra_rhombus_s_array.webp https://idcollection.ru/upload/webp/iblock/bc8/4c91c213d90211ef830be2479a4e0e55_22b9e467f03011efac59f5689de193d4.webp https://idcollection.ru/upload/webp/iblock/0d2/4c91c213d90211ef830be2479a4e0e55_22b9e4adf03011efac59f5689de193d4.webp https://idcollection.ru/upload/webp/iblock/60a/4c91c213d90211ef830be2479a4e0e55_22b9e4f3f03011efac59f5689de193d4.webp https://idcollection.ru/upload/webp/iblock/001/4c91c213d90211ef830be2479a4e0e55_22b9e539f03011efac59f5689de193d4.webp https://idcollection.ru/upload/webp/iblock/87c/4c91c213d90211ef830be2479a4e0e55_22b9e57ff03011efac59f5689de193d4.webp https://idcollection.ru/upload/webp/iblock/435/4c91c213d90211ef830be2479a4e0e55_22b9e5c5f03011efac59f5689de193d4.webp,Eichholtz,Свет,Люстры,Люстры потолочные,Ø65,55,"","","",""
221,119178,Люстра Rhombus L,"",459625.0,0.0,0,https://idcollection.ru/upload/webp/iblock/6ee/lyustra_rhombus_l_array.webp https://idcollection.ru/upload/webp/iblock/583/4c42a43ed90211ef830be2479a4e0e55_fba0ad26f02e11efac59f5689de193d4.webp https://idcollection.ru/upload/webp/iblock/71a/4c42a43ed90211ef830be2479a4e0e55_fba0ad6cf02e11efac59f5689de193d4.webp https://idcollection.ru/upload/webp/iblock/767/4c42a43ed90211ef830be2479a4e0e55_fba0adb2f02e11efac59f5689de193d4.webp https://idcollection.ru/upload/webp/iblock/5ae/4c42a43ed90211ef830be2479a4e0e55_fba0adf8f02e11efac59f5689de193d4.webp https://idcollection.ru/upload/webp/iblock/457/4c42a43ed90211ef830be2479a4e0e55_fba0ae3ef02e11efac59f5689de193d4.webp https://idcollection.ru/upload/webp/iblock/359/4c42a43ed90211ef830be2479a4e0e55_fba0ae84f02e11efac59f5689de193d4.webp,Eichholtz,Свет,Люстры,Люстры потолочные,Ø90,73,"","","",""
222,119325,Кофейный столик Quinton light brown mappa burl veneer set of 3,"",561693.0,0.0,0,"",Eichholtz,Мебель,Столы,Кофейные столики,"","","","","",""
223,119025,Кресло Jameson amaro camel,"",183850.0,0.0,0,https://idcollection.ru/upload/webp/iblock/631/kreslo_jameson_amaro_camel_array.webp https://idcollection.ru/upload/webp/iblock/c8d/3f99db15d90211ef830be2479a4e0e55_6a6d1d37f22d11efac59f5689de193d4.webp https://idcollection.ru/upload/webp/iblock/59e/3f99db15d90211ef830be2479a4e0e55_6a6d1d7df22d11efac59f5689de193d4.webp https://idcollection.ru/upload/webp/iblock/f3f/3f99db15d90211ef830be2479a4e0e55_6a6d1dc3f22d11efac59f5689de193d4.webp https://idcollection.ru/upload/webp/iblock/bfd/3f99db15d90211ef830be2479a4e0e55_6a6d1e09f22d11efac59f5689de193d4.webp https://idcollection.ru/upload/webp/iblock/6ae/3f99db15d90211ef830be2479a4e0e55_6a6d1e4ff22d11efac59f5689de193d4.webp https://idcollection.ru/upload/webp/iblock/32b/3f99db15d90211ef830be2479a4e0e55_6a6d1e95f22d11efac59f5689de193d4.webp https://idcollection.ru/upload/webp/iblock/051/3f99db15d90211ef830be2479a4e0e55_6a6d1edbf22d11efac59f5689de193d4.webp,Eichholtz,Мебель,Мягкая мебель,Кресла,"","","","","",""
224,119297,Бра Rhombus,"",50717.0,0.0,0,https://idcollection.ru/upload/webp/iblock/870/bra_rhombus_array.webp https://idcollection.ru/upload/webp/iblock/e70/55008738d90211ef830be2479a4e0e55_1259c934f03311efac59f5689de193d4.webp https://idcollection.ru/upload/webp/iblock/859/55008738d90211ef830be2479a4e0e55_1259c97af03311efac59f5689de193d4.webp https://idcollection.ru/upload/webp/iblock/1a1/55008738d90211ef830be2479a4e0e55_1259c9c0f03311efac59f5689de193d4.webp https://idcollection.ru/upload/webp/iblock/4c1/55008738d90211ef830be2479a4e0e55_1259ca06f03311efac59f5689de193d4.webp https://idcollection.ru/upload/webp/iblock/87b/55008738d90211ef830be2479a4e0e55_1259ca4cf03311efac59f5689de193d4.webp https://idcollection.ru/upload/webp/iblock/b53/55008738d90211ef830be2479a4e0e55_1259ca92f03311efac59f5689de193d4.webp,Eichholtz,Свет,"","","","","","","",""
225,119040,Кресло Colony honey finish,"",71004.0,0.0,0,https://idcollection.ru/upload/webp/iblock/338/kreslo_colony_honey_finish_array.webp https://idcollection.ru/upload/webp/iblock/e50/3f99e935d90211ef830be2479a4e0e55_52ddd711f38111efac59f5689de193d4.webp https://idcollection.ru/upload/webp/iblock/07d/3f99e935d90211ef830be2479a4e0e55_52ddd757f38111efac59f5689de193d4.webp https://idcollection.ru/upload/webp/iblock/03a/3f99e935d90211ef830be2479a4e0e55_52ddd79df38111efac59f5689de193d4.webp https://idcollection.ru/upload/webp/iblock/ad8/3f99e935d90211ef830be2479a4e0e55_52ddd7e3f38111efac59f5689de193d4.webp https://idcollection.ru/upload/webp/iblock/b4a/3f99e935d90211ef830be2479a4e0e55_52ddd829f38111efac59f5689de193d4.webp https://idcollection.ru/upload/webp/iblock/e40/3f99e935d90211ef830be2479a4e0e55_52ddd86ff38111efac59f5689de193d4.webp,Eichholtz,Мебель,Мягкая мебель,Кресла,"","","","","",""
226,119051,Полубарный стул Camerota scalea sand,"",71004.0,0.0,0,https://idcollection.ru/upload/webp/iblock/38a/polubarnyy_stul_camerota_scalea_sand_array.webp https://idcollection.ru/upload/webp/iblock/560/42c02c8bd90211ef830be2479a4e0e55_ce2d01d0f35311efac59f5689de193d4.webp https://idcollection.ru/upload/webp/iblock/3da/42c02c8bd90211ef830be2479a4e0e55_ce2d0216f35311efac59f5689de193d4.webp https://idcollection.ru/upload/webp/iblock/890/42c02c8bd90211ef830be2479a4e0e55_ce2d025cf35311efac59f5689de193d4.webp https://idcollection.ru/upload/webp/iblock/e84/42c02c8bd90211ef830be2479a4e0e55_ce2d02a2f35311efac59f5689de193d4.webp https://idcollection.ru/upload/webp/iblock/aa9/42c02c8bd90211ef830be2479a4e0e55_ce2d02e8f35311efac59f5689de193d4.webp https://idcollection.ru/upload/webp/iblock/198/42c02c8bd90211ef830be2479a4e0e55_ce2d032ef35311efac59f5689de193d4.webp https://idcollection.ru/upload/webp/iblock/006/42c02c8bd90211ef830be2479a4e0e55_ce2d0374f35311efac59f5689de193d4.webp,Eichholtz,Мебель,Стулья,Барные стулья,"","","","","",""
227,119064,Обеденный стул Beale classic brown ,"",71004.0,0.0,3,https://idcollection.ru/upload/webp/iblock/2d9/800_800_1/obedennyy_stul_beale_classic_brown_119064_array.jpg https://idcollection.ru/upload/webp/iblock/2d9/obedennyy_stul_beale_classic_brown_119064_array.jpg https://idcollection.ru/upload/webp/iblock/bed/614a45df69ee11ef9580000c296a9f04_4845f0296aee11ef9580000c296a9f04.jpg https://idcollection.ru/upload/webp/iblock/d20/614a45df69ee11ef9580000c296a9f04_4845f0816aee11ef9580000c296a9f04.jpg https://idcollection.ru/upload/webp/iblock/6c4/614a45df69ee11ef9580000c296a9f04_4845f0d96aee11ef9580000c296a9f04.jpg https://idcollection.ru/upload/webp/iblock/439/614a45df69ee11ef9580000c296a9f04_4845f1316aee11ef9580000c296a9f04.jpg https://idcollection.ru/upload/webp/iblock/dc6/614a45df69ee11ef9580000c296a9f04_4845f1896aee11ef9580000c296a9f04.jpg https://idcollection.ru/upload/webp/iblock/c77/614a45df69ee11ef9580000c296a9f04_4845f1e16aee11ef9580000c296a9f04.jpg https://idcollection.ru/upload/webp/iblock/080/614a45df69ee11ef9580000c296a9f04_4845f2396aee11ef9580000c296a9f04.jpg,Eichholtz,Мебель,Стулья,Обеденные стулья,"","","","","",""
228,345093,Диван модульный DEAN savona greige velvet ,"",530172.0,0.0,0,https://idcollection.ru/upload/webp/iblock/10a/800_800_1/divan_modulnyy_dean_savona_greige_velvet_345093_array.webp https://idcollection.ru/upload/webp/iblock/10a/divan_modulnyy_dean_savona_greige_velvet_345093_array.webp https://idcollection.ru/upload/webp/iblock/4f6/2ff8a1aa770b11ed955f000c296a9f04_625199d7797c11ed955f000c296a9f04.webp https://idcollection.ru/upload/webp/iblock/86a/2ff8a1aa770b11ed955f000c296a9f04_62519a2f797c11ed955f000c296a9f04.webp https://idcollection.ru/upload/webp/iblock/7e3/2ff8a1aa770b11ed955f000c296a9f04_62519a87797c11ed955f000c296a9f04.webp https://idcollection.ru/upload/webp/iblock/be1/2ff8a1aa770b11ed955f000c296a9f04_62519adf797c11ed955f000c296a9f04.webp https://idcollection.ru/upload/webp/iblock/ddc/2ff8a1aa770b11ed955f000c296a9f04_62519b37797c11ed955f000c296a9f04.webp https://idcollection.ru/upload/webp/iblock/167/2ff8a1aa770b11ed955f000c296a9f04_62519b8f797c11ed955f000c296a9f04.webp https://idcollection.ru/upload/webp/iblock/513/2ff8a1aa770b11ed955f000c296a9f04_62519bf9797c11ed955f000c296a9f04.webp https://idcollection.ru/upload/webp/iblock/b03/2ff8a1aa770b11ed955f000c296a9f04_62519c51797c11ed955f000c296a9f04.webp https://idcollection.ru/upload/webp/iblock/3c2/2ff8a1aa770b11ed955f000c296a9f04_62519cc1797c11ed955f000c296a9f04.webp https://idcollection.ru/upload/webp/iblock/fe9/2ff8a1aa770b11ed955f000c296a9f04_64f1f60a797c11ed955f000c296a9f04.webp https://idcollection.ru/upload/webp/iblock/703/2ff8a1aa770b11ed955f000c296a9f04_64f1f8ba797c11ed955f000c296a9f04.webp https://idcollection.ru/upload/webp/iblock/1bb/2ff8a1aa770b11ed955f000c296a9f04_64f1fd0e797c11ed955f000c296a9f04.webp https://idcollection.ru/upload/webp/iblock/565/2ff8a1aa770b11ed955f000c296a9f04_64f2090c797c11ed955f000c296a9f04.webp https://idcollection.ru/upload/webp/iblock/c31/2ff8a1aa770b11ed955f000c296a9f04_64f20af9797c11ed955f000c296a9f04.webp https://idcollection.ru/upload/webp/iblock/1c7/2ff8a1aa770b11ed955f000c296a9f04_64f212f5797c11ed955f000c296a9f04.webp https://idcollection.ru/upload/webp/iblock/1cb/2ff8a1aa770b11ed955f000c296a9f04_64f21a0d797c11ed955f000c296a9f04.webp https://idcollection.ru/upload/webp/iblock/477/2ff8a1aa770b11ed955f000c296a9f04_65810d4a797c11ed955f000c296a9f04.webp https://idcollection.ru/upload/webp/iblock/47e/2ff8a1aa770b11ed955f000c296a9f04_658110cc797c11ed955f000c296a9f04.webp,Eichholtz,Мебель,Мягкая мебель,Модульные диваны,"","","","","",""
229,119537,Барный стул Camerota scalea grey,"",71004.0,0.0,0,https://idcollection.ru/upload/webp/iblock/ec6/barnyy_stul_camerota_scalea_grey_array.webp https://idcollection.ru/upload/webp/iblock/c56/6330ca59d90211ef830be2479a4e0e55_7bab96e3f35711efac59f5689de193d4.webp https://idcollection.ru/upload/webp/iblock/a65/6330ca59d90211ef830be2479a4e0e55_7bab9729f35711efac59f5689de193d4.webp https://idcollection.ru/upload/webp/iblock/abb/6330ca59d90211ef830be2479a4e0e55_7bab976ff35711efac59f5689de193d4.webp https://idcollection.ru/upload/webp/iblock/40c/6330ca59d90211ef830be2479a4e0e55_7bab97b5f35711efac59f5689de193d4.webp https://idcollection.ru/upload/webp/iblock/cda/6330ca59d90211ef830be2479a4e0e55_7bab97fbf35711efac59f5689de193d4.webp https://idcollection.ru/upload/webp/iblock/ac5/6330ca59d90211ef830be2479a4e0e55_7bab9841f35711efac59f5689de193d4.webp https://idcollection.ru/upload/webp/iblock/1f8/6330ca59d90211ef830be2479a4e0e55_7bab9887f35711efac59f5689de193d4.webp https://idcollection.ru/upload/webp/iblock/ce8/6330ca59d90211ef830be2479a4e0e55_7bab98cdf35711efac59f5689de193d4.webp,Eichholtz,Мебель,Стулья,Барные стулья,"","","","","",""
230,119538,Полубарный стул Camerota scalea grey,"",71004.0,0.0,0,https://idcollection.ru/upload/webp/iblock/ec6/polubarnyy_stul_camerota_scalea_grey_array.webp https://idcollection.ru/upload/webp/iblock/c56/6369a252d90211ef830be2479a4e0e55_09b01bb4f35811efac59f5689de193d4.webp https://idcollection.ru/upload/webp/iblock/a65/6369a252d90211ef830be2479a4e0e55_09b01bfaf35811efac59f5689de193d4.webp https://idcollection.ru/upload/webp/iblock/abb/6369a252d90211ef830be2479a4e0e55_0fa84e93f35811efac59f5689de193d4.webp https://idcollection.ru/upload/webp/iblock/40c/6369a252d90211ef830be2479a4e0e55_0fa84ed9f35811efac59f5689de193d4.webp https://idcollection.ru/upload/webp/iblock/cda/6369a252d90211ef830be2479a4e0e55_0fa84f1ff35811efac59f5689de193d4.webp https://idcollection.ru/upload/webp/iblock/ac5/6369a252d90211ef830be2479a4e0e55_0fa84f65f35811efac59f5689de193d4.webp https://idcollection.ru/upload/webp/iblock/1f8/6369a252d90211ef830be2479a4e0e55_0fa84fabf35811efac59f5689de193d4.webp https://idcollection.ru/upload/webp/iblock/ce8/6369a252d90211ef830be2479a4e0e55_0fa84ff1f35811efac59f5689de193d4.webp,Eichholtz,Мебель,Стулья,Барные стулья,"","","","","",""
231,119669,Барный стул Camerota walnut veneer sabino beige,"",71004.0,0.0,0,https://idcollection.ru/upload/webp/iblock/2f6/barnyy_stul_camerota_walnut_veneer_sabino_beige_array.webp https://idcollection.ru/upload/webp/iblock/2f6/6867ced5d90211ef830be2479a4e0e55_253d4a20f35111efac59f5689de193d4.webp https://idcollection.ru/upload/webp/iblock/102/6867ced5d90211ef830be2479a4e0e55_253d4a66f35111efac59f5689de193d4.webp https://idcollection.ru/upload/webp/iblock/8af/6867ced5d90211ef830be2479a4e0e55_253d4aacf35111efac59f5689de193d4.webp https://idcollection.ru/upload/webp/iblock/e14/6867ced5d90211ef830be2479a4e0e55_253d4af2f35111efac59f5689de193d4.webp https://idcollection.ru/upload/webp/iblock/6bc/6867ced5d90211ef830be2479a4e0e55_253d4b38f35111efac59f5689de193d4.webp https://idcollection.ru/upload/webp/iblock/b28/6867ced5d90211ef830be2479a4e0e55_253d4b7ef35111efac59f5689de193d4.webp https://idcollection.ru/upload/webp/iblock/85f/6867ced5d90211ef830be2479a4e0e55_253d4bc4f35111efac59f5689de193d4.webp https://idcollection.ru/upload/webp/iblock/7ad/6867ced5d90211ef830be2479a4e0e55_253d4c0af35111efac59f5689de193d4.webp,Eichholtz,Мебель,Стулья,Барные стулья,"","","","","",""
232,119050,Барный стул Camerota scalea sand,"",71004.0,0.0,0,https://idcollection.ru/upload/webp/iblock/38a/barnyy_stul_camerota_scalea_sand_array.webp https://idcollection.ru/upload/webp/iblock/560/428798dbd90211ef830be2479a4e0e55_0cef8d8ff35311efac59f5689de193d4.webp https://idcollection.ru/upload/webp/iblock/3da/428798dbd90211ef830be2479a4e0e55_0cef8dd5f35311efac59f5689de193d4.webp https://idcollection.ru/upload/webp/iblock/890/428798dbd90211ef830be2479a4e0e55_0cef8e1bf35311efac59f5689de193d4.webp https://idcollection.ru/upload/webp/iblock/e84/428798dbd90211ef830be2479a4e0e55_0cef8e61f35311efac59f5689de193d4.webp https://idcollection.ru/upload/webp/iblock/aa9/428798dbd90211ef830be2479a4e0e55_0cef8ea7f35311efac59f5689de193d4.webp https://idcollection.ru/upload/webp/iblock/006/428798dbd90211ef830be2479a4e0e55_0cef8eedf35311efac59f5689de193d4.webp https://idcollection.ru/upload/webp/iblock/198/428798dbd90211ef830be2479a4e0e55_0cef8f33f35311efac59f5689de193d4.webp,Eichholtz,Мебель,Стулья,Барные стулья,"","","","","",""
233,119020,Подставка для свечей Ruby alabaster,"",71004.0,0.0,1,https://idcollection.ru/upload/webp/iblock/4a8/800_800_1/podstavka_dlya_svechey_ruby_alabaster_array.jpg https://idcollection.ru/upload/webp/iblock/4a8/podstavka_dlya_svechey_ruby_alabaster_array.jpg https://idcollection.ru/upload/webp/iblock/657/602dc95b69ee11ef9580000c296a9f04_7a4fa20a6afa11ef9580000c296a9f04.jpg https://idcollection.ru/upload/webp/iblock/29b/602dc95b69ee11ef9580000c296a9f04_7a4fa63a6afa11ef9580000c296a9f04.jpg https://idcollection.ru/upload/webp/iblock/f95/602dc95b69ee11ef9580000c296a9f04_7a4fa9c56afa11ef9580000c296a9f04.jpg,Eichholtz,Аксессуары и декор,Аксессуары,Подсвечники и свечи,Ø26,37,"","","",""
234,346551,Диван модульный DEAN bouclé cream ,"",702664.0,0.0,0,https://idcollection.ru/upload/webp/iblock/498/divan_modulnyy_dean_boucl_cream_346551_array.webp https://idcollection.ru/upload/webp/iblock/0f0/54d175a1770a11ed955f000c296a9f04_9e6fe50d770f11ed955f000c296a9f04.webp https://idcollection.ru/upload/webp/iblock/402/54d175a1770a11ed955f000c296a9f04_9e6fe937770f11ed955f000c296a9f04.webp,Eichholtz,Мебель,Мягкая мебель,Модульные диваны,"","","","","",""
235,119670,Полубарный стул Camerota walnut veneer sabino beige,"",71004.0,0.0,0,https://idcollection.ru/upload/webp/iblock/2f6/polubarnyy_stul_camerota_walnut_veneer_sabino_beige_array.webp https://idcollection.ru/upload/webp/iblock/102/68e116fcd90211ef830be2479a4e0e55_0ac8461af35211efac59f5689de193d4.webp https://idcollection.ru/upload/webp/iblock/8af/68e116fcd90211ef830be2479a4e0e55_0ac84660f35211efac59f5689de193d4.webp https://idcollection.ru/upload/webp/iblock/e14/68e116fcd90211ef830be2479a4e0e55_0ac846a6f35211efac59f5689de193d4.webp https://idcollection.ru/upload/webp/iblock/6bc/68e116fcd90211ef830be2479a4e0e55_0ac846ecf35211efac59f5689de193d4.webp https://idcollection.ru/upload/webp/iblock/b28/68e116fcd90211ef830be2479a4e0e55_0ac84732f35211efac59f5689de193d4.webp https://idcollection.ru/upload/webp/iblock/85f/68e116fcd90211ef830be2479a4e0e55_0ac84778f35211efac59f5689de193d4.webp https://idcollection.ru/upload/webp/iblock/7ad/68e116fcd90211ef830be2479a4e0e55_0ac847bef35211efac59f5689de193d4.webp,Eichholtz,Мебель,Стулья,Барные стулья,"","","","","",""
